STATION.AW082;
STATION.AW088;
STATION.AW160;
STATION.AW161;
STATION.AW168;
STATION.AW170;
STATION.OIP8.AZ001;
STATION.OIP8.AW084;
STATION.OIP8.AZ002;
STATION.OIP8.AZ003;
STATION.OIP8.AW001;
STATION.OIP8.AW002;
STATION.OIP8.AW006;
STATION.OIP8.AW009;
STATION.OIP8.AW020;
STATION.OIP8.AW035;
STATION.OIP8.AU001;
STATION.OIP8.AU002;
STATION.OIP8.AU003;
STATION.OIP8.AU004;
STATION.OIP8.AU005;
STATION.OIP8.AU006;
STATION.OIP8.AU003_1;
STATION.OIP8.AW083;
STATION.OIP8.AW085;
STATION.OIP8.AR204;
STATION.OIP8.AI002;
STATION.AI001_1;
STATION.AI002_1;
STATION.AI003_1;
STATION.AR001_1;
STATION.AR002_1;
STATION.AR003_1;
STATION.AR004_1;
STATION.ACONST1_1;
STATION.ACONST4_1;
STATION.ACONST5_1;
STATION.ACONST2_1;
STATION.ACONST3_1;
STATION.ACONST6_1;
STATION.AR200;
STATION.AI00001_1;
STATION.AI00002_1;
STATION.AI00003_1;
STATION.AR00001_1;
STATION.AR00002_1;
STATION.AR00003_1;
STATION.AR00004_1;
STATION.ACONST01_1;
STATION.ACONST04_1;
STATION.ACONST05_1;
STATION.ACONST02_1;
STATION.ACONST03_1;
STATION.ACONST06_1;
STATION.AR208;
STATION.AI0001_1;
STATION.AI0002_1;
STATION.AI0003_1;
STATION.AR0001_1;
STATION.AR0002_1;
STATION.AR0003_1;
STATION.AR0004_1;
STATION.ACONST001_1;
STATION.ACONST004_1;
STATION.ACONST005_1;
STATION.ACONST002_1;
STATION.ACONST003_1;
STATION.ACONST006_1;
STATION.AR212;
STATION.AI001;
STATION.AI003;
STATION.AR001;
STATION.AR002;
STATION.AR003;
STATION.AR004;
STATION.ACONST1;
STATION.ACONST2;
STATION.ACONST3;
STATION.ACONST4;
STATION.AI004;
STATION.AI005;
STATION.AR005;
STATION.AR006;
STATION.AR007;
STATION.AR008;
STATION.ACONST5;
STATION.ACONST6;
STATION.ACONST7;
STATION.ACONST8;
STATION.AI051;
STATION.AI052;
STATION.AI053;
STATION.AR051;
STATION.AR052;
STATION.AR053;
STATION.AR054;
STATION.ACONST51;
STATION.ACONST52;
STATION.ACONST53;
STATION.ACONST54;